<module>
	<data>
		<module_id>administratr</module_id>
		<product_id>administratr</product_id>
		<is_core>0</is_core>
		<is_active>1</is_active>
		<is_menu>0</is_menu>
		<menu />
		<phrase_var_name>module_administratr</phrase_var_name>
	</data>
	<settings>
		<setting group="admin_control_panel" module_id="administratr" is_hidden="0" type="drop" var_name="admin_theme" phrase_var_name="setting_admin_theme" ordering="1" version_id="3.7.2"><![CDATA[a:2:{s:7:"default";s:12:"administratr";s:6:"values";a:2:{i:0;s:12:"administratr";i:1;s:7:"default";}}]]></setting>
		<setting group="admin_control_panel" module_id="administratr" is_hidden="0" type="drop" var_name="admin_style" phrase_var_name="setting_admin_style" ordering="2" version_id="3.7.2"><![CDATA[a:2:{s:7:"default";s:5:"light";s:6:"values";a:3:{i:0;s:5:"light";i:1;s:7:"default";i:2;s:4:"dark";}}]]></setting>
	</settings>
	<phrases>
		<phrase module_id="administratr" version_id="3.7.2" var_name="module_administratr" added="1383877813">Administratr Theme for AdminCP</phrase>
		<phrase module_id="administratr" version_id="3.7.2" var_name="setting_admin_theme" added="1383878561"><![CDATA[<title>Admin Template</title><info>If you choose "default", it will keep the default theme, the one that you see on a clean PHPfox install.</info>]]></phrase>
		<phrase module_id="administratr" version_id="3.7.2" var_name="setting_admin_style" added="1383878624"><![CDATA[<title>Admin Style</title><info>The changes on this setting will be visible only if you have chosen an admin theme different than the default one. This is the style of your admin theme. It can be light, dark etc.</info>]]></phrase>
		<phrase module_id="administratr" version_id="3.7.7" var_name="administratr" added="1405506644">Administratr</phrase>
		<phrase module_id="administratr" version_id="3.7.7" var_name="default" added="1405506724">Default</phrase>
		<phrase module_id="administratr" version_id="3.7.7" var_name="light" added="1405506772">Light</phrase>
		<phrase module_id="administratr" version_id="3.7.7" var_name="dark" added="1405506781">Dark</phrase>
	</phrases>
</module>