<product>
	<data>
		<product_id>administratr</product_id>
		<is_core>0</is_core>
		<title>Rhetina: Administratr Theme</title>
		<description><![CDATA[Rhetina's Touch on Phpfox AdminCP]]></description>
		<version>1.3</version>
		<latest_version></latest_version>
		<last_check>1405506660</last_check>
		<is_active>1</is_active>
		<url>http://www.rhetina.com/store/phpfox/administratr/</url>
		<url_version_check></url_version_check>
	</data>
	<modules>
		<module_id>administratr</module_id>
	</modules>
</product>